Titulo,Precio
Rodilleras Proyec Alto Impacto Voley Acolchada Patin Arquero Color Negro Talle L,18.200
Rodillera Deportiva Con Banda Dinámica De Ajuste Crossfit Talle L,3.653
Rodillera Pemium Ortopedica Deportiva Meniscos Cruzado ,13.920
Rodillera Deportiva Elástica Ortopédica Rodilla Compresión ,2.794
Rodillera Deportiva Compresion Ligamentos Meniscos Profit,5.999
Rodillera Meniscos Ligamento Cruzado Ortopedica Deportiva,5.459
Rodillera Elástica Ortopédica Deportiva Compresión Meniscos,1.095
Rodillera Deportiva Voley Patín Handball Hockey One Flex Bander Green,6.533
Set Protecciones Tuxs Starter Niños Rodilleras Codos Patin Rollers,5.880
Set Protecciones Niños Rodilleras Coderas Muñequeras Skate,1.180
Rodillera Pemium Meñiscos Ajuste Cruzado Unisex Deportiva,11.728
Rodillera Deportiva Con Banda Dinámica De Ajuste Crossfit ,9.969
Rodillera Ortopédica Elástica Deportiva Excelente Premium,2.001
Rodillera Doble Ajuste Pemium Ligamentos Meñiscos Unisex,6.943
Rodillera Ortopedica Premium Deportiva Meniscos Cruzado ,1.394
Rodillera Con Banda Dinámica Ajuste Crossfit Deportiva Ptm,3.615
Rodillera Elastica Deportiva Anti Esguince Soporte Raia,725
Rodillera Gimnasia Deportes Fitness Alta Competencia Lycra,17.076
Set De Protecciones Stark Casco Muñequera Codera Rodillera,14.514
Vendas Para La Rodilla Gadnic Force Rodillera Deportiva,2.913
Cincha Rotuliana Rodillera Menisco Menisquera Rotula Neop.,14.999
Rodilleras Ez Life Voley Reforazada Acolchada Patin Danza,3.011
Rodillera Pemium Ortopedica Deportiva Meniscos Cruzado ,20.999
Rodilleras Nassau Profesionales Voley Handball Baile Patin Color Azul Talle Xs,4.215
Rodilleras Acolchadas Alto Impacto Body Therm Boedo Deportes,4.696
Drb Rodillera - Vóley Jump,942
Protección Infantil Rodillera Codera Y Manopla,12.002
Rodillera Ez Life  Vóley / Hockey /  Handball Acolchada ,10.202
Rodillera Pemium Meñiscos Unisex Deportiva Refuerzo Lateral,2.048
2 Rodilleras Deportes Fitness Crossfit Alta Competencia La +,14.999
Rodilleras Voley Acolchadas Alto Impacto Deportivas Handball Talle S,14.249
Rodillera Deportiva Elastica Anti Esguince Compresion Raia,2.860
Rodillera Voley Nassau Cover Unisex Black,6.200
Rodillera Abierta Ajustable Con Abrojo Rotula Deportes ,1.244
Rodilleras Voley Acolchadas Alto Impacto Deportivas Handball Talle L,5.899
Rodillera Voley Patin Danza Mma Acolchada Deportiva,1.184
Rodillera Crossfit Neoprene Deportiva Rotula Rotuliana Dema,11.900
Rodillera Deportiva Air Sport Elástica Profit Ptm Oficial,2.388
Rodillera Deportiva Voley Patín Handball Hockey Airsport Ptm,1.760
Drb Rodillera Kids - Jump Jr,353
X2 Rodillera Larga Deportiva Compresion Arte Marcial,8.500
Rodillera Ortopedica Premium Deportiva Meniscos Cruzado ,1.706
Kit Protección Deportes Gadnic Prt1 Rodilleras Y Coderas,23.000
Rodillera De Compresión Deportiva Elástica Sosten Rotula ,4.617
Rodillera Deportiva Anti Golpes Reforzada Importada Gymtonic,25.499
Protecciones Patin Roller Rodilleras + Coderas + Muñequeras,24.224
Rodillera Deportiva Elástica Air Sport Rodilla Ligamentos Meniscos Compresión Esguince Ortopédica Soporte,4.862
Set Protección Bicicleta Casco Rodilleras Coderas Muñequera,4.267
Rodillera Deportiva Meniscos Ligamento Cruzado Ortopédica,856
Rodilleras Voley Nassau Profesionales,11.990
Rodillera Volley Alto Impacto Deportivas Gris Talle Xs,2.406
Rodilleras Voley Alto Impacto Acolchada  Deportiva Handball,5.999
Rodillera Elastica Sosten Rotula Manga Compresion  Deportes,5.099
Rodillera Deportiva Meniscos Ligamentos Reforzada,1.023
