titulos,precios,urls
Pc Armada Gamer Amd Ryzen 5 5600g 12 Nucleo Ram 16gb Ssd 480,$699.999,https://articulo.mercadolibre.com.ar/MLA-932293921-pc-armada-gamer-amd-ryzen-5-5600g-12-nucleo-ram-16gb-ssd-480-_JM#position=1&search_layout=grid&type=item&tracking_id=2d4722fb-9ae5-4874-9954-ffcbb3377fe1
Computadora Gamer Pc Solarmax Amd Ryzen 7 5700g 32gb 480 Ssd,$1.104.298,https://articulo.mercadolibre.com.ar/MLA-1104500198-computadora-gamer-pc-solarmax-amd-ryzen-7-5700g-32gb-480-ssd-_JM#position=2&search_layout=grid&type=item&tracking_id=2d4722fb-9ae5-4874-9954-ffcbb3377fe1
Pc Gamer Armada Amd Ryzen 5 5600g 6/12 Nucleos 16gb Ssd480,$440.499,https://articulo.mercadolibre.com.ar/MLA-1163098912-pc-gamer-armada-amd-ryzen-5-5600g-612-nucleos-16gb-ssd480-_JM#position=3&search_layout=grid&type=item&tracking_id=2d4722fb-9ae5-4874-9954-ffcbb3377fe1
Pc Gamer Armada Ryzen 5 4600g 12 Nucleo Amd Ram 16gb Ssd 240,$417.315,https://articulo.mercadolibre.com.ar/MLA-1412077622-pc-gamer-armada-ryzen-5-4600g-12-nucleo-amd-ram-16gb-ssd-240-_JM#position=4&search_layout=grid&type=item&tracking_id=2d4722fb-9ae5-4874-9954-ffcbb3377fe1
Pc Cpu Computadora Armada Intel Dual Core 8gb Ssd 240 Wifi,$476.473,https://articulo.mercadolibre.com.ar/MLA-1150540039-pc-cpu-computadora-armada-intel-dual-core-8gb-ssd-240-wifi-_JM#position=5&search_layout=grid&type=item&tracking_id=2d4722fb-9ae5-4874-9954-ffcbb3377fe1
Pc Armada Gamer Intel Core I5 10400 1tb 16gb Ram Ddr4,$516.317,https://articulo.mercadolibre.com.ar/MLA-881660408-pc-armada-gamer-intel-core-i5-10400-1tb-16gb-ram-ddr4-_JM#position=6&search_layout=grid&type=item&tracking_id=2d4722fb-9ae5-4874-9954-ffcbb3377fe1
Pc Armada Gamer Amd Athlon 3000g 8 Gb + Ssd 240,$333.421,https://articulo.mercadolibre.com.ar/MLA-1391088905-pc-armada-gamer-amd-athlon-3000g-8-gb-ssd-240-_JM#position=7&search_layout=grid&type=item&tracking_id=2d4722fb-9ae5-4874-9954-ffcbb3377fe1
Pc Armada Gamer Cpu Amd Ryzen 5 4600g 1tb Ssd 16g Ram Vega 7,$488.699,https://articulo.mercadolibre.com.ar/MLA-1422417660-pc-armada-gamer-cpu-amd-ryzen-5-4600g-1tb-ssd-16g-ram-vega-7-_JM#position=8&search_layout=grid&type=item&tracking_id=2d4722fb-9ae5-4874-9954-ffcbb3377fe1
Pc Gamer Escritorio Cpu Amd Computadora Nueva Armada Ssd,$331.028,https://articulo.mercadolibre.com.ar/MLA-827869432-pc-gamer-escritorio-cpu-amd-computadora-nueva-armada-ssd-_JM#position=9&search_layout=grid&type=item&tracking_id=2d4722fb-9ae5-4874-9954-ffcbb3377fe1
Pc Gamer Amd Ryzen 5 5600g 16gb A520m Ssd 240gb,$484.477,https://articulo.mercadolibre.com.ar/MLA-935712138-pc-gamer-amd-ryzen-5-5600g-16gb-a520m-ssd-240gb-_JM#position=10&search_layout=grid&type=item&tracking_id=2d4722fb-9ae5-4874-9954-ffcbb3377fe1
Pc Gamer Armada Ryzen 5 4600g 12 Nucleo Amd Ram 16gb Ssd 480,$440.706,https://articulo.mercadolibre.com.ar/MLA-1370460870-pc-gamer-armada-ryzen-5-4600g-12-nucleo-amd-ram-16gb-ssd-480-_JM#position=11&search_layout=grid&type=item&tracking_id=2d4722fb-9ae5-4874-9954-ffcbb3377fe1
Pc Armada Gamer Amd Ryzen 7 5700g Ram 32gb  960g Ssd Wifi,$791.999,https://articulo.mercadolibre.com.ar/MLA-1116709430-pc-armada-gamer-amd-ryzen-7-5700g-ram-32gb-960g-ssd-wifi-_JM#position=12&search_layout=grid&type=item&tracking_id=2d4722fb-9ae5-4874-9954-ffcbb3377fe1
Pc Gamer Armada Amd Ryzen 5 5600g 12 Nucleo Ram 16gb Ssd 480,$550.280,https://articulo.mercadolibre.com.ar/MLA-1364518443-pc-gamer-armada-amd-ryzen-5-5600g-12-nucleo-ram-16gb-ssd-480-_JM#position=13&search_layout=grid&type=item&tracking_id=2d4722fb-9ae5-4874-9954-ffcbb3377fe1
Pc Armada Gamer Amd Ryzen 5 5600g 16gb Vega 7 480g,$452.999,https://articulo.mercadolibre.com.ar/MLA-1110348058-pc-armada-gamer-amd-ryzen-5-5600g-16gb-vega-7-480g-_JM#position=14&search_layout=grid&type=item&tracking_id=2d4722fb-9ae5-4874-9954-ffcbb3377fe1
Pc Armada Gamer Ryzen 7 5700g 32gb Vega 8 960gb Wifi,$807.437,https://articulo.mercadolibre.com.ar/MLA-1128472052-pc-armada-gamer-ryzen-7-5700g-32gb-vega-8-960gb-wifi-_JM#position=15&search_layout=grid&type=item&tracking_id=2d4722fb-9ae5-4874-9954-ffcbb3377fe1
Pc Gamer Intel I9 13ava Z790 64gb M.2 2tb Sata 2tb Rtx 4090 ,$5.712.526,https://articulo.mercadolibre.com.ar/MLA-1427572136-pc-gamer-intel-i9-13ava-z790-64gb-m2-2tb-sata-2tb-rtx-4090-_JM#position=16&search_layout=grid&type=item&tracking_id=2d4722fb-9ae5-4874-9954-ffcbb3377fe1
Pc Gamer Completa  - Intel I5 8gb 1tb O Ssd Gt1030 2gb,$572.583,https://articulo.mercadolibre.com.ar/MLA-688746107-pc-gamer-completa-intel-i5-8gb-1tb-o-ssd-gt1030-2gb-_JM#position=17&search_layout=grid&type=item&tracking_id=2d4722fb-9ae5-4874-9954-ffcbb3377fe1
Pc Armada Gamer Amd Ryzen 7 5700g 16gb 3200 480g Nvme,$654.699,https://articulo.mercadolibre.com.ar/MLA-933641653-pc-armada-gamer-amd-ryzen-7-5700g-16gb-3200-480g-nvme-_JM#position=18&search_layout=grid&type=item&tracking_id=2d4722fb-9ae5-4874-9954-ffcbb3377fe1
Pc Armada Intel Core I3 10105 480gb Ssd 8gb Ddr4 Win 10,$449.009,https://articulo.mercadolibre.com.ar/MLA-1115588209-pc-armada-intel-core-i3-10105-480gb-ssd-8gb-ddr4-win-10-_JM#position=19&search_layout=grid&type=item&tracking_id=2d4722fb-9ae5-4874-9954-ffcbb3377fe1
Computadora Gamer Pc Solarmax Amd Ryzen 7 5700g 16gb 480 Ssd,$700.190,https://articulo.mercadolibre.com.ar/MLA-1104493671-computadora-gamer-pc-solarmax-amd-ryzen-7-5700g-16gb-480-ssd-_JM#position=20&search_layout=grid&type=item&tracking_id=2d4722fb-9ae5-4874-9954-ffcbb3377fe1
Pc Armada Gamer Cpu Amd Ryzen 5 5600g 16gb Vega 7 M2 480g,$451.499,https://articulo.mercadolibre.com.ar/MLA-1140741426-pc-armada-gamer-cpu-amd-ryzen-5-5600g-16gb-vega-7-m2-480g-_JM#position=21&search_layout=grid&type=item&tracking_id=2d4722fb-9ae5-4874-9954-ffcbb3377fe1
Pc Armada Gamer Amd Ryzen 7 5700g 16gb Ram Ssd 480g Ver2.0,$916.298,https://articulo.mercadolibre.com.ar/MLA-1110982174-pc-armada-gamer-amd-ryzen-7-5700g-16gb-ram-ssd-480g-ver20-_JM#position=22&search_layout=grid&type=item&tracking_id=2d4722fb-9ae5-4874-9954-ffcbb3377fe1
Pc Gamer Amd Ryzen 5 4650g 8gb 3200mh 256gb Nvme Vega,$492.406,https://articulo.mercadolibre.com.ar/MLA-1133252730-pc-gamer-amd-ryzen-5-4650g-8gb-3200mh-256gb-nvme-vega-_JM#position=23&search_layout=grid&type=item&tracking_id=2d4722fb-9ae5-4874-9954-ffcbb3377fe1
Pc Gamer Computadora Juegos Amd A8 8gb 1tb O Ssd Fortnite Csgo Lol,$337.261,https://articulo.mercadolibre.com.ar/MLA-752053657-pc-gamer-computadora-juegos-amd-a8-8gb-1tb-o-ssd-fortnite-csgo-lol-_JM#position=24&search_layout=grid&type=item&tracking_id=2d4722fb-9ae5-4874-9954-ffcbb3377fe1
Pc Cpu Juegos Gamer Intel I7 + 16gb + 1tb O Ssd + Gt 1030 2gb,$714.204,https://articulo.mercadolibre.com.ar/MLA-805963805-pc-cpu-juegos-gamer-intel-i7-16gb-1tb-o-ssd-gt-1030-2gb-_JM#position=25&search_layout=grid&type=item&tracking_id=2d4722fb-9ae5-4874-9954-ffcbb3377fe1
Pc Gamer Armada Intel I5 10400 16 Gb Ddr4 Ssd 480 Nvme,$653.064,https://articulo.mercadolibre.com.ar/MLA-1322263880-pc-gamer-armada-intel-i5-10400-16-gb-ddr4-ssd-480-nvme-_JM#position=26&search_layout=grid&type=item&tracking_id=2d4722fb-9ae5-4874-9954-ffcbb3377fe1
Pc Escritorio Gamer Computadora Completa Cpu Amd Ryzen,$520.208,https://articulo.mercadolibre.com.ar/MLA-826742552-pc-escritorio-gamer-computadora-completa-cpu-amd-ryzen-_JM#position=27&search_layout=grid&type=item&tracking_id=2d4722fb-9ae5-4874-9954-ffcbb3377fe1
Pc Armada Gamer Cpu Amd Ryzen 5 5600g 16g Ssd480 Vega Wifi,$471.499,https://articulo.mercadolibre.com.ar/MLA-1140728485-pc-armada-gamer-cpu-amd-ryzen-5-5600g-16g-ssd480-vega-wifi-_JM#position=28&search_layout=grid&type=item&tracking_id=2d4722fb-9ae5-4874-9954-ffcbb3377fe1
Pc Gamer Cpu Amd Ryzen 5 5600g 6/12 Nucleos 16g Wifi 480g,$525.999,https://articulo.mercadolibre.com.ar/MLA-1184445826-pc-gamer-cpu-amd-ryzen-5-5600g-612-nucleos-16g-wifi-480g-_JM#position=29&search_layout=grid&type=item&tracking_id=2d4722fb-9ae5-4874-9954-ffcbb3377fe1
Pc Gamer Aerocool Ryzen 5 5600g 8gb Ram Ssd 240gb ,$416.000,https://articulo.mercadolibre.com.ar/MLA-1368387697-pc-gamer-aerocool-ryzen-5-5600g-8gb-ram-ssd-240gb-_JM#position=30&search_layout=grid&type=item&tracking_id=2d4722fb-9ae5-4874-9954-ffcbb3377fe1
Pc Gamer Ryzen 3 3200g Msi A320 8gb 2400 Ssd 240gb,$349.739,https://articulo.mercadolibre.com.ar/MLA-812939078-pc-gamer-ryzen-3-3200g-msi-a320-8gb-2400-ssd-240gb-_JM#position=31&search_layout=grid&type=item&tracking_id=2d4722fb-9ae5-4874-9954-ffcbb3377fe1
Pc Armada Gamer Amd Ryzen 7 5700g 16gb Ram Ssd 480g,$538.999,https://articulo.mercadolibre.com.ar/MLA-1110953147-pc-armada-gamer-amd-ryzen-7-5700g-16gb-ram-ssd-480g-_JM#position=32&search_layout=grid&type=item&tracking_id=2d4722fb-9ae5-4874-9954-ffcbb3377fe1
Pc Armada Gamer Amd Athlon 3000g Ssd 240 8gb Radeon Rx Vega,$281.441,https://articulo.mercadolibre.com.ar/MLA-869964174-pc-armada-gamer-amd-athlon-3000g-ssd-240-8gb-radeon-rx-vega-_JM#position=33&search_layout=grid&type=item&tracking_id=2d4722fb-9ae5-4874-9954-ffcbb3377fe1
Pc Armada Gamer Amd Ryzen 5 5600g 8gb Vega 7,$421.799,https://articulo.mercadolibre.com.ar/MLA-1124736289-pc-armada-gamer-amd-ryzen-5-5600g-8gb-vega-7-_JM#position=34&search_layout=grid&type=item&tracking_id=2d4722fb-9ae5-4874-9954-ffcbb3377fe1
Pc Armada Gamer Amd Ryzen 5 5600g 16gb Vega 7,$514.699,https://articulo.mercadolibre.com.ar/MLA-1128483118-pc-armada-gamer-amd-ryzen-5-5600g-16gb-vega-7-_JM#position=35&search_layout=grid&type=item&tracking_id=2d4722fb-9ae5-4874-9954-ffcbb3377fe1
Pc Armada Gamer Hogar Amd Ryzen 5 5600g 16gb Vega 7,$443.799,https://articulo.mercadolibre.com.ar/MLA-1140747970-pc-armada-gamer-hogar-amd-ryzen-5-5600g-16gb-vega-7-_JM#position=36&search_layout=grid&type=item&tracking_id=2d4722fb-9ae5-4874-9954-ffcbb3377fe1
Computadora Gamer Pc Solarmax Amd Ryzen 7 5700g 32gb 480 Ssd,$777.990,https://click1.mercadolibre.com.ar/mclics/clicks/external/MLA/count?a=zp38c%2BgwdL0iJZb9bIWdCOgGztz810ms47YNC%2F3t3XgS5AM1YowSv%2BnazHy7vO%2Bpy%2BzNqC45BQImps7va0hXkYdotquJwomkF4yF7MNHRvS7QEeAQ8V59nbqTrTxrD1T2YXt5G9nYD%2FDDJhmhTWCw8eIwjXHun%2BM5UoDjUmfbgxKT76SAvTIixugFZPinHTVAH2741sWhnXDHdH52gg5FyTwE%2FMDb1w4Ce12oia1LObEJNRi2ah8a6B6lpDN5zqCxJXJ5HwWEmnXJcpoQu2RoYuG5ksvH20ZWCKMSoPr07MopmDQtNzltNn1SLcpyqTVlrIByZi57aq1qZBousDBYInVmoLAzVKqpTtRBGLGLQP5xgJ7TEEKOu2mkQdvU%2BZ0Yarp9RHWmogxT0%2BsfRUdrPtl7OwPKT205wP6NKHAtZ0BJUjnOm4IE%2B3xS2iN9PVWjrTC1%2BYWFHeOfzWJFiukQ9HmBIeFfOygfSDJXurESp%2FjxpJG%2Fmln5nlPonOP85v8eTerRu1TRU%2FbEhSgyQ49NDK5PX2g9lPywN9dt93r1xNrY63EJgT%2FqnI37cvY%2FdYAmJu5i2n7np4px%2F%2FxI7uhEKQoAnkdi9tk%2FyP4y4ZJUA%2F8pDMA61iWKXKLxiSLhZ9EtMD1xfFE3%2BUBF1xE1sBFG7dV1525ZgCzXdItEHAeXptVcQJ%2BHYos%2FqJTC5wfAbfgR08yYsNXneMcKmEjnXkw374pDX4rq2cjxbUC1qO%2B&e=mclics%2Fdifferential-cvr-factor%2B29495%2Cmclics%2Fsearch-list-ad-algorithm%2B16026%2Cmclics%2Fshow-pads-search-list%2B5146%2Cmclics%2Fshow-pads-global%2B5176&rb=x
Computadora Gamer Pc Solarmax Amd Ryzen 7 5700g 32gb 480 Ssd,$1.104.298,https://click1.mercadolibre.com.ar/mclics/clicks/external/MLA/count?a=rfoVXQSfOvJIWJeD%2FwY2ZHfrJVjnXnR7EUVWo7GxrJ%2FeDqYNSvc5G3sTe48nINAkIHFLpZIQrKEkud1%2B2LfLFf01yJ9Q%2B4FDCxAgvO32sLpQae6SgK%2FjSGdfF62%2BSbWl3tJzS3Pktm2t8vjH6Kx8OT8GoCgricIiMl1u48S3HPrDfhxEsYECKLVpmkyJ1KosMGBToTOXuueW1YgLMqlGfhm0aaqYQOOCkcQaiF3YyfZ0oPfs0P92udQFq1sHgTgo60fxg%2FjmLg30%2BnJ8LY2ymnFb1vbw9iHwjrqx8CUjfV0rsjmJCHwrJqIbDquDZucZTNCsl54%2BOCi5aom6r7UoHmY4jzdLI8SAyV6zvZlFdJXLJGOL2nLKTgpQfcWmqATsfAI62AsRh5yqtnsZl0sWLS2Bt36yirbZgpnbcoUu%2F8erJss60Zk5DV566cB019838XL40vjFjTzM83JSWLINimA9DvTm0vIcMzfcomvXdDUnXFgStlhi4r436cDYP%2FeX3fRpruvIuDn1VRqWpaoCQfTwvfix9tUNMoK98eAB0QzqvJ2L3U2wPfSRwePKtn8Qfgv4alJpOvm7l5CrqUGj0TvPr6BVj%2FaOqKMnzfnfC2Gm%2FWiLkErOxlRtChWxLz5dK6tWCehTntSrdgecO1j2R%2FLukxsAP%2B5QMPydO%2FrXg2ZtCsymxRy0lzV9JOI9WkHs0Xu7Q%2FfeXTnPS0XJ6Mug%2FP%2FNUssOX%2BTSNmKUAcs%3D&e=mclics%2Fdifferential-cvr-factor%2B29495%2Cmclics%2Fsearch-list-ad-algorithm%2B16026%2Cmclics%2Fshow-pads-search-list%2B5146%2Cmclics%2Fshow-pads-global%2B5176&rb=x
Computadora Gamer Pc Solarmax Amd Ryzen 7 5700g 16gb 480 Ssd,$700.190,https://click1.mercadolibre.com.ar/mclics/clicks/external/MLA/count?a=lzhJ7PRUUODYVNiBdTTmx9WqvK%2F08ArpgzjddKNLkecvNuGOQWu06n93z6B1ZBLZZdqrFzGurlr0PCnKiYsWesQA0nrddJVpfpwmkRh8HA5qL%2FAIewPnmvpATcoJmCm3cZjUw9Gm2aUKHl8qlN%2FKjWlKyLJHDYZ1oxxIgVw0n%2BQdlWT6B%2BLOonuTh5hi%2B4vU2SnpIhAuU2mpnu1H0KGPUH1RbJm3jtFNKNGnEqfwxSeQu88FBw7NBYNmbaaZA28CBxTO%2FwziDQfdmYVlqQK6P7wMPKyo84qMMkHbIKWlU7KfMkPdv2qwouTpHbtNjG%2BOkkGZZkWrXkWNuDP5vzRUPA6K0W34Vdjc5iw4FMmQNJDbDXB6a%2B0%2F4h20tkFAw%2BJRRe%2FkEkNNnf6Qva0PvjCj61%2BBqcgbds4s%2FlSwgfo5lfXcr3j0J4xNHshiJJnGKjEAFQw9DJ8kN0Xw9cBSvd0Yif5Hadj1pTfeyDUwBVz6WdB1qVMGMe7Nk1%2FQQ4%2Bx81eUrvv1yLgBQKb6Fanb3JLJcH5W7DXbADOuivAwEVm3%2B7sMps7WdoeTWR2duZ9PY5hvmnaLXTrTUM%2FofY1Lxmg9BWZDTG733uMM1SmWMikrbBqSsbnX9AElhRN%2BX2P65my%2BnXc%2BZsJ9f6qeIntklisiv0QhmpkWPzWEvYss6mfuFyJFTiElOmoSm4wjhbudVLZURai0%2FpNHdvEWfpWeM8JON6uPdEit3Gq1BMGvJgo%3D&e=mclics%2Fdifferential-cvr-factor%2B29495%2Cmclics%2Fsearch-list-ad-algorithm%2B16026%2Cmclics%2Fshow-pads-search-list%2B5146%2Cmclics%2Fshow-pads-global%2B5176&rb=x
Pc Gamer Armada Amd Ryzen 5 5600g 16gb Ssd 480 Radeon Vega,$612.333,https://articulo.mercadolibre.com.ar/MLA-1100526113-pc-gamer-armada-amd-ryzen-5-5600g-16gb-ssd-480-radeon-vega-_JM#position=40&search_layout=grid&type=item&tracking_id=2d4722fb-9ae5-4874-9954-ffcbb3377fe1
Pc Armada Gamer Amd Ryzen 5 4600g Ssd 480gb 16gb Ddr4 Prem,$685.858,https://articulo.mercadolibre.com.ar/MLA-1420689098-pc-armada-gamer-amd-ryzen-5-4600g-ssd-480gb-16gb-ddr4-prem-_JM#position=41&search_layout=grid&type=item&tracking_id=2d4722fb-9ae5-4874-9954-ffcbb3377fe1
Pc Armada Cpu Amd Full Gamer Ryzen 3 3200g 16gb Ddr4 1080p,$729.999,https://articulo.mercadolibre.com.ar/MLA-882319673-pc-armada-cpu-amd-full-gamer-ryzen-3-3200g-16gb-ddr4-1080p-_JM#position=42&search_layout=grid&type=item&tracking_id=2d4722fb-9ae5-4874-9954-ffcbb3377fe1
Pc Armada Gamer Amd Ryzen 5 4600g 16gb Nvme 480 Radeon Vega,$593.999,https://articulo.mercadolibre.com.ar/MLA-1145210982-pc-armada-gamer-amd-ryzen-5-4600g-16gb-nvme-480-radeon-vega-_JM#position=43&search_layout=grid&type=item&tracking_id=2d4722fb-9ae5-4874-9954-ffcbb3377fe1
Pc Armada Gamer Cpu Amd Ryzen 7 5700g 16gb Ssd Y Hdd Ver2.0,$999.258,https://articulo.mercadolibre.com.ar/MLA-1140785221-pc-armada-gamer-cpu-amd-ryzen-7-5700g-16gb-ssd-y-hdd-ver20-_JM#position=44&search_layout=grid&type=item&tracking_id=2d4722fb-9ae5-4874-9954-ffcbb3377fe1
Pc Gamer Xpg Intel Core I5-11600k 16gb M.2 500gb + Ssd 480gb,$611.188,https://articulo.mercadolibre.com.ar/MLA-1400641272-pc-gamer-xpg-intel-core-i5-11600k-16gb-m2-500gb-ssd-480gb-_JM#position=45&search_layout=grid&type=item&tracking_id=2d4722fb-9ae5-4874-9954-ffcbb3377fe1
Pc Armada Pro Intel 3.6ghz Dual Core Ssd 240 Ram 8gb Ddr4 ,$419.999,https://articulo.mercadolibre.com.ar/MLA-683420951-pc-armada-pro-intel-36ghz-dual-core-ssd-240-ram-8gb-ddr4-_JM#position=46&search_layout=grid&type=item&tracking_id=2d4722fb-9ae5-4874-9954-ffcbb3377fe1
Pc Armada Gamer Amd Ryzen 5 5600g 8g Ram 480g Oficina Ver2.0,$676.668,https://articulo.mercadolibre.com.ar/MLA-1386772781-pc-armada-gamer-amd-ryzen-5-5600g-8g-ram-480g-oficina-ver20-_JM#position=47&search_layout=grid&type=item&tracking_id=2d4722fb-9ae5-4874-9954-ffcbb3377fe1
Pc Armada Gamer Cpu Amd Ryzen 7 5700g 16g Vega Wifi,$548.299,https://articulo.mercadolibre.com.ar/MLA-1140735194-pc-armada-gamer-cpu-amd-ryzen-7-5700g-16g-vega-wifi-_JM#position=48&search_layout=grid&type=item&tracking_id=2d4722fb-9ae5-4874-9954-ffcbb3377fe1
Pc Gamer Armada Intel I5 11400 16gb Nvme 512 Core X6 ,$695.240,https://articulo.mercadolibre.com.ar/MLA-1372852709-pc-gamer-armada-intel-i5-11400-16gb-nvme-512-core-x6-_JM#position=49&search_layout=grid&type=item&tracking_id=2d4722fb-9ae5-4874-9954-ffcbb3377fe1
Pc Armada Gamer Amd Ryzen 5 5600g/16gb/1tbssd/off+win10/wifi,$573.999,https://articulo.mercadolibre.com.ar/MLA-1440297624-pc-armada-gamer-amd-ryzen-5-5600g16gb1tbssdoffwin10wifi-_JM#position=50&search_layout=grid&type=item&tracking_id=2d4722fb-9ae5-4874-9954-ffcbb3377fe1
Pc Armada Gamer Ryzen 7 5700g Ssd 480gb 16gb Simple Channel,$571.291,https://articulo.mercadolibre.com.ar/MLA-1371494107-pc-armada-gamer-ryzen-7-5700g-ssd-480gb-16gb-simple-channel-_JM#position=51&search_layout=grid&type=item&tracking_id=2d4722fb-9ae5-4874-9954-ffcbb3377fe1
